created_at,full_text,screen_name,location,description,followers_count,friends_count,statuses_count,verified,full_retweet_text
2020-02-24 19:00:04+00:00,RT @JoeSilverman7: Holy shit we might have a shortage of Tylenol and eczema cream!!!! (At least until people realize they can switch to the‚Ä¶,Joe_in_Indiana,"NW Indiana & Door County, WI",Proud husband of Sagamore of the Wabash Wife and Father of 40 under 40@Indy Daughter. Picture of Diogenes looking for an Honest Person.,832,1147,153997,False,Holy shit we might have a shortage of Tylenol and eczema cream!!!! (At least until people realize they can switch to the name brands or an alternative medication). https://t.co/zEHwp6IvcT
2020-02-24 19:00:09+00:00,"RT @DilliDurAst: ‚ÄúOn Feb. 20, daily coal consumption of six major power plants was 42.5% less than the same period last year, according to‚Ä¶",MD_AZHAR_ALI,"Kolkata, India",Stay strong n stay positive and raise your voice against discrimination...,276,224,20539,False,"‚ÄúOn Feb. 20, daily coal consumption of six major power plants was 42.5% less than the same period last year, according to Japanese bank Nomura, which has been tracking such metrics daily.‚Äù https://t.co/td486Wfyc0"
2020-02-24 19:00:20+00:00,"RT @KiranKS: In 2018-19, India US bilateral trade was $87.95 billion, slightly above India China bilateral trade of $87.07 bn. 

During Apr‚Ä¶",rajarama_m,india,No Value Mentioned,345,500,64124,False,"In 2018-19, India US bilateral trade was $87.95 billion, slightly above India China bilateral trade of $87.07 bn. 

During April to December of 2019, US trade is $68bn, comfortaby higher than China trade of $64.96 bn. Defence deals are big in India US trade with $15 bn in 2019."
2020-02-24 19:00:23+00:00,"I hope @amnesty has raised issues of minorities in China and Pakistan. Especially, in Pakistan where girls belonging to minorities are being kidnapped and forced to convert to other religion. https://t.co/6Izfz8Jany",BhanuKanwar,"Shimla, India","Reader, Investor, Engineer, Entrepreneur, Blogger",53,1160,321,False,No Value Mentioned
2020-02-24 19:00:23+00:00,"RT @rosiewright99: The Coronavirus in Italy. We‚Äôre taking you live to Milan as news that:
‚Ä¢ Over 150 new cases confirmed in the country 
‚Ä¢‚Ä¶",BharatPatriot1,"USA, Israel, India, EU","Bharatiya, Patriot, OSINT, Independent Defence Analyst-Global, FakeNews buster, Malicious-Troll Buster, Historically Accurate, Politically Correct & Neutral",861,95,23966,False,"The Coronavirus in Italy. We‚Äôre taking you live to Milan as news that:
‚Ä¢ Over 150 new cases confirmed in the country 
‚Ä¢ 12 towns are on lockdown
‚Ä¢ Schools closed in 6 regions  #COVID19italia @euronews https://t.co/7n7t0Uhbix"
2020-02-24 19:00:38+00:00,"Serie A matches set to be played without fans due to coronavirus FA outlaws primary school children from heading in training Premier League talking points German business morale rises, unfazed by coronavirus for now: Ifo Talking points from the Serie A wee https://t.co/nFcLcfxtyA",06suraj91,"Pune, India","#Marketer, Hopeful Car connoisseur, amateur singer, #EDM fanatic, dogs' friend, foodie, Manchester United fan (@Cristiano=Idol), Materialist! üòé",369,326,3277,False,No Value Mentioned
2020-02-24 19:00:42+00:00,"RT @gautambhatia88: There is an alternative reality in which, after the first outbreak of violence, when students approached the SC, the ""l‚Ä¶",SejalShrotri,"Mumbai, India",A very small person. A very big Gooner.,734,203,44947,False,"There is an alternative reality in which, after the first outbreak of violence, when students approached the SC, the ""last refuge of the oppressed and the bewildered"" acted. Things may have been different.

The refuge, unfortunately, proved to be neither versatile, nor a genius."
2020-02-24 19:00:45+00:00,"RT @hvgoenka: Common between Trump and Modi:

1. Both are mass leaders 
2. Both are leaders of world‚Äôs largest democracies
3. Both are righ‚Ä¶",goswamivijay986,"Jharkhand, India",India First,731,744,103067,False,"Common between Trump and Modi:

1. Both are mass leaders 
2. Both are leaders of world‚Äôs largest democracies
3. Both are right wing
4. Both believe in nationalism
5. Both dominate their respective parties
6. Both use social media to their advantage
7. Both are suspicious of China"
2020-02-24 19:01:02+00:00,"RT @nytimes: The coronavirus has killed at least 12 people in Iran as of Monday, state news outlets reported. It's the largest toll outside‚Ä¶",satya_twt,"Ranchi, India","Altruist,melophile &pooch lover.Believe mustering &extending affection,compassion,reverence 2 be d most rewarding trade.üîÉs need not necessarily be affimations.",76,964,3315,False,"The coronavirus has killed at least 12 people in Iran as of Monday, state news outlets reported. It's the largest toll outside China. https://t.co/giMsEQEAiK"
2020-02-24 19:01:02+00:00,"Great read on #COVID19

""the disease continues to be as severe as it is now, ‚Äúcold and flu season‚Äù could become ‚Äúcold and flu and COVID-19 season.‚Äù

A Vaccine Won‚Äôt Stop the New Coronavirus - The Atlantic https://t.co/yaMf8zvJi9",manojlds,"Chennai, India","Principal Engineer @Avalara. Previously @indix, @thoughtworks. #kubernetes #scala #python #akka #spark #ml. Author of https://t.co/uXo2YHPJw9",1450,785,14567,False,No Value Mentioned
2020-02-24 19:01:05+00:00,"RT @WillyWonkaXRP: Dead bodies all over #Wuhan #coronaviruschina üá®üá≥ 

 https://t.co/z6gicCyt46",Beastmumbai,"Mumbai, India",Biking Enthusiast And Superbiker Team,56,418,1214,False,"Dead bodies all over #Wuhan #coronaviruschina üá®üá≥ 

 https://t.co/z6gicCyt46"
2020-02-24 19:01:14+00:00,"RT @RealJamesWoods: Imagine, if you will, an America with its own manufacturing capabilities, tens of millions of jobs, and independence fr‚Ä¶",ync1994,"Indiana, USA",@RefugeeWatcher @JamesOKeefeIII @JudicialWatch @LarrySchweikart @TheLastRefuge2 |üá∫üá∏‚öìÔ∏è20yr USN vet‚öìÔ∏è|üá∫üá∏Dittoheadüá∫üá∏| üéöConfessional Lutheranüéö|@TheLCMSüéö,2774,2875,236084,False,"Imagine, if you will, an America with its own manufacturing capabilities, tens of millions of jobs, and independence from Middle East oil imports. That is the America of ‚Å¶@realDonaldTrump‚Å©. The Democrat ‚Äùglobalist‚Äù nightmare is dying before our eyes. https://t.co/VQfjaNOpSr"
2020-02-24 19:01:16+00:00,"RT @hvgoenka: Common between Trump and Modi:

1. Both are mass leaders 
2. Both are leaders of world‚Äôs largest democracies
3. Both are righ‚Ä¶",cadj98,"Lucknow, India",CA student/If u r STAN we should be Friend/Rap enthusiast/pahadi UK connection,93,567,5155,False,"Common between Trump and Modi:

1. Both are mass leaders 
2. Both are leaders of world‚Äôs largest democracies
3. Both are right wing
4. Both believe in nationalism
5. Both dominate their respective parties
6. Both use social media to their advantage
7. Both are suspicious of China"
2020-02-24 19:01:16+00:00,"RT @TheDailyEdge: Trump loves to talk about stock market gains in ""points"" terms (not percentages). So let's compare:

1987 crash: 508 poin‚Ä¶",cinderellaicius,Indianapolis ,"#VoteBlue - Greeting Card Writer for 25 years - Mom


          @TeamPelosi @AmyKlobuchar 

              @CoryBooker @RepTedDeutch",18161,14973,60971,False,"Trump loves to talk about stock market gains in ""points"" terms (not percentages). So let's compare:

1987 crash: 508 points

2008 crash: 778 points

2020 crash: 1,000+ points

#TrumpSlump https://t.co/BGNUQ27uWX"
2020-02-24 19:01:16+00:00,"RT @RealJamesWoods: Imagine, if you will, an America with its own manufacturing capabilities, tens of millions of jobs, and independence fr‚Ä¶",Good74738318,India,"Nationaliist. Fiight Isssllllaammmism. Pro Modi. Pro Trump. Pro Brexxit. Retweet my tweet, don't like it. üíØ% Follow back. I will unfolllow for non follow back.",3044,4090,73722,False,"Imagine, if you will, an America with its own manufacturing capabilities, tens of millions of jobs, and independence from Middle East oil imports. That is the America of ‚Å¶@realDonaldTrump‚Å©. The Democrat ‚Äùglobalist‚Äù nightmare is dying before our eyes. https://t.co/VQfjaNOpSr"
2020-02-24 19:01:17+00:00,@BeingReva Uncle ji is right! Violence of this kind should not be tolerated... tough hand is required @AmitShah just letting them protest in the name of democracy is more dangerous than #coronavirus stop #DelhiBurning #delhivoilence #CAAProtest,imVertica,"New Delhi, India",Entrepreneur/ Speaker/ Mastering Scaling-up/ Helping WOMEN rise/ ASIA BOOK OF RECORD for WATER Aw/ Daily Reporting to little Daughter/ ‚ô•Ô∏èSinging/ Wouldbe Author,432,377,1846,False,No Value Mentioned
2020-02-24 19:01:20+00:00,"RT @Health_z_Wealth: The key worry in coronavirus is not the 2% mortality rate, but the 20% hospitalisation rate.

If it infects 10 lakh pe‚Ä¶",sakleo8,"Noida, India",No Value Mentioned,215,241,10597,False,"The key worry in coronavirus is not the 2% mortality rate, but the 20% hospitalisation rate.

If it infects 10 lakh people in a city, 2 lakh people will need hospital admission."
2020-02-24 19:01:21+00:00,"More than 2,600 people have died globally due to #Coronavirius 
#CoronavirusOutbreak 

https://t.co/A1d3U7oRtt",varunsingh0305,"New Delhi, India",Senior Sub Editor (Auto) @IndiaToday. Former Reporter @PTI_News. Forever @Arsenal. Tweets are personal.,126,39,597,False,No Value Mentioned
2020-02-24 19:01:21+00:00,"RT @IngrahamAngle: The Coronavirus shows the value of the U.S. being self-reliant, sovereign, strong on borders and immigration. It is a ma‚Ä¶",robertDay16,Indiana,It is all about conservatism !,255,331,14497,False,"The Coronavirus shows the value of the U.S. being self-reliant, sovereign, strong on borders and immigration. It is a matter of national urgency that we manufacture our own critical drugs, steel, other essential goods."
2020-02-24 19:01:40+00:00,"RT @RealJamesWoods: Imagine, if you will, an America with its own manufacturing capabilities, tens of millions of jobs, and independence fr‚Ä¶",EagleMountain6,"Indiana, USA","Viet Nam Vet, Army, Patriot üá∫üá∏‚úùÔ∏è",2714,3211,56319,False,"Imagine, if you will, an America with its own manufacturing capabilities, tens of millions of jobs, and independence from Middle East oil imports. That is the America of ‚Å¶@realDonaldTrump‚Å©. The Democrat ‚Äùglobalist‚Äù nightmare is dying before our eyes. https://t.co/VQfjaNOpSr"
2020-02-24 19:01:47+00:00,"Gold &amp; Silver markets going crazy these days, we know that CoronaVirus has had a huge impact to this. 

Watch my video to know the Top 5 Reasons Why Gold Prices have increased:
https://t.co/r59HKw2BuG

Like, Comment &amp; Share 

#gold #Coronavirius #coronavirus #touchdown",INDBullionaire,"New Delhi,India",India‚Äôs Only Bullion Reviewer @YouTube #Gold #Silver #Platinum #Bullion #Reviewer #Influencer,585,65,8426,False,No Value Mentioned
2020-02-24 19:01:52+00:00,RT @ParveenKaswan: State-run Xinhua News Agency: ‚Äú‚Ä¶China‚Äôs top legislature adopted a decision on thoroughly banning the illegal trading of‚Ä¶,SanjayBirari,"Mumbai, India",IT professional & avid travel enthusiast. The only person on Twitter who doesn‚Äôt claim to be a social media guru.,106,811,14119,False,"State-run Xinhua News Agency: ‚Äú‚Ä¶China‚Äôs top legislature adopted a decision on thoroughly banning the illegal trading of wildlife and eliminating the consumption of wild animals to safeguard people's lives and health.‚Äù

Late, but right. Der aae durast aae. @cites"
2020-02-24 19:01:53+00:00,"RT @QuickTake: ""To block such an event with 15,000 people taking part also brings public order problems.""

Despite fears of the #coronaviru‚Ä¶",DevikaGandhiMD,"Indianapolis, IN","Indiana University IM PGY2 // Northeast Ohio Medical University Class of 2018 // Tweets are my own, not that I‚Äôd let anyone take credit for them anyways",51,57,116,False,"""To block such an event with 15,000 people taking part also brings public order problems.""

Despite fears of the #coronavirus outbreak in Italy, the city of Ivrea commenced with its annual 'Battle of the Oranges' https://t.co/qLIFOI0YOg"
2020-02-24 19:01:56+00:00,@9techeleven @jon_prosser Don't you think Corona will affect it's production,AkashSh83315403,India,"Engineering student ‚öôÔ∏è Smartphone geek üì± Cricket lover üèè
Jai Jawan üí™ Jai Kissan ‚õèÔ∏èJai Shri Ram üôè Jai Hind üáÆüá≥
YQ :- ‡§è‡§ï ‡§ñ‡§º‡§æ‡§Æ‡•ã‡§∂ ‡§ï‡§º‡§≤‡§Æ",136,92,6277,False,No Value Mentioned
2020-02-24 19:02:13+00:00,RT @ChinaEmbKabul: Chinese Foreign Ministry SpokespersonÔºöChina noted that the Independent Election Commission announced President Ghani's v‚Ä¶,tahirqadiry,"New Delhi, India","Charg√© d'Affaires of @AfghanistanInIN. Ex-Award Winning Correspondent 2003-2014 |MSc from @UOLondon @StateIVLP Alumni, PhD Candidate @JindalGlobalUni",34512,1369,6635,True,"Chinese Foreign Ministry SpokespersonÔºöChina noted that the Independent Election Commission announced President Ghani's victory. Afghanistan is our friendly neighbor. China respects the procedure of presidential election in Afghanistan, https://t.co/Z7ETwfKIfY"
2020-02-24 19:02:37+00:00,"RT @ianbremmer: Confirmed #coronavirus cases in the US

California: 15
Nebraska: 11
Texas: 3
Illinois: 2
Washington: 1
Arizona: 1
Wisconsin‚Ä¶",g_ashish,"Shanghai, Seattle, & India",marketeer | geek | history buff | shuddh ghati desi | incorrigible & eternal expat,90,73,20811,False,"Confirmed #coronavirus cases in the US

California: 15
Nebraska: 11
Texas: 3
Illinois: 2
Washington: 1
Arizona: 1
Wisconsin: 1
Massachusetts: 1

(New York Times)"
2020-02-24 19:02:44+00:00,"RT @IngrahamAngle: The Coronavirus shows the value of the U.S. being self-reliant, sovereign, strong on borders and immigration. It is a ma‚Ä¶",mrstthomps63,"Indiana, USA",I love our country. I love our constitution. America is unique and I want to keep it that way. TRUMP FOLLOWERS ONLY. No DM‚Äôs or promotional stuff.,2034,2452,35999,False,"The Coronavirus shows the value of the U.S. being self-reliant, sovereign, strong on borders and immigration. It is a matter of national urgency that we manufacture our own critical drugs, steel, other essential goods."
2020-02-24 19:02:45+00:00,"RT @TechCrunch: Loon and SoftBank‚Äôs HAPSMobile team with Airbus, China Telecom and more on stratospheric cell networks https://t.co/P1REfBp‚Ä¶",mayur_shingote,"Pune, India",Staff Software Engineer,1247,343,176462,False,"Loon and SoftBank‚Äôs HAPSMobile team with Airbus, China Telecom and more on stratospheric cell networks https://t.co/P1REfBpsy2 by @etherington https://t.co/q7vQzMtVha"
2020-02-24 19:02:46+00:00,RT @TechCrunch: PC shipments expected to drop this year because of coronavirus outbreak https://t.co/OakvKgQ5bQ by @refsrc https://t.co/aCK‚Ä¶,mayur_shingote,"Pune, India",Staff Software Engineer,1247,343,176462,False,PC shipments expected to drop this year because of coronavirus outbreak https://t.co/OakvKgQ5bQ by @refsrc https://t.co/aCKNNtcmDc
2020-02-24 19:02:47+00:00,"RT @hvgoenka: Common between Trump and Modi:

1. Both are mass leaders 
2. Both are leaders of world‚Äôs largest democracies
3. Both are righ‚Ä¶",RajOsborne,India,‡§ú‡•ã ‡§¶‡•á‡§ñ‡§§‡§æ ‡§π‡•Ç‡§Å ‡§µ‡§π‡•Ä ‡§¨‡•ã‡§≤‡§®‡•á ‡§ï‡§æ ‡§Ü‡§¶‡•Ä ‡§π‡•Ç‡§Å ‡§Æ‡•à‡§Ç ‡§Ö‡§™‡§®‡•á ‡§∂‡§π‡§∞ ‡§ï‡§æ ‡§∏‡§¨ ‡§∏‡•á ‡§¨‡§°‡§º‡§æ ‡§´‡§º‡§∏‡§æ‡§¶‡•Ä ‡§π‡•Ç‡§Å,188,1396,22899,False,"Common between Trump and Modi:

1. Both are mass leaders 
2. Both are leaders of world‚Äôs largest democracies
3. Both are right wing
4. Both believe in nationalism
5. Both dominate their respective parties
6. Both use social media to their advantage
7. Both are suspicious of China"
2020-02-24 19:02:48+00:00,"RT @cnni: China has banned the consumption of wild animals and will crack down on illegal trade of wildlife, which some experts believe may‚Ä¶",g_ashish,"Shanghai, Seattle, & India",marketeer | geek | history buff | shuddh ghati desi | incorrigible & eternal expat,90,73,20811,False,"China has banned the consumption of wild animals and will crack down on illegal trade of wildlife, which some experts believe may be the source of the novel coronavirus, state media reports https://t.co/RjbBpGV0JM"
2020-02-24 19:03:05+00:00,"RT @DrEricDing: All hail South Korea üá∞üá∑ badass lab üß™ testing: 32,756 tests (up +4000 tests since just 7 hours prior!)... to find 70 more co‚Ä¶",ColtonSJ_,"Indiana, USA","Comics, cats, sarcasm. || 22",3481,1348,70286,False,"All hail South Korea üá∞üá∑ badass lab üß™ testing: 32,756 tests (up +4000 tests since just 7 hours prior!)... to find 70 more coronavirus cases. So much darn respect for Korean CDC! Jealous - why can‚Äôt America do that? #COVID19 https://t.co/TuSMt4fFZF https://t.co/Rm1wH9BVl5"
2020-02-24 19:03:21+00:00,Austria says it will stop suspected coronavirus cases at its¬†borders https://t.co/1dYerFsfYY https://t.co/8rcvnvWx5T,jobgujnews3,India,No Value Mentioned,31,250,20272,False,No Value Mentioned
2020-02-24 19:03:25+00:00,"RT @hvgoenka: Common between Trump and Modi:

1. Both are mass leaders 
2. Both are leaders of world‚Äôs largest democracies
3. Both are righ‚Ä¶",_AnkitPandey_,"Uttaranchal, India","#‡§≠‡§æ‡§∞‡§§‡•Ä‡§Ø 
BLESSED TO BE FOLLOWED BY:- @PiyushGoyalOffc 
l RT not An ENDORSEMENT 
#DehradunWale",464,218,16285,False,"Common between Trump and Modi:

1. Both are mass leaders 
2. Both are leaders of world‚Äôs largest democracies
3. Both are right wing
4. Both believe in nationalism
5. Both dominate their respective parties
6. Both use social media to their advantage
7. Both are suspicious of China"
2020-02-24 19:03:32+00:00,"RT @KhaledBeydoun: My next book analyzes Islamophobia as a global phenomenon.  

If YOU are from these countries:

India üáÆüá≥ 
China üá®üá≥ 
Myan‚Ä¶",MdArsalanImam,Kota  India,Md Arsalan Imam üíûFirst Cry 4 May Positive Mind Positive Vibes And Positive Lifeüíû,14,90,98,False,"My next book analyzes Islamophobia as a global phenomenon.  

If YOU are from these countries:

India üáÆüá≥ 
China üá®üá≥ 
Myanmar üá≤üá≤ 
Germany üá©üá™ 
France üá´üá∑ 
Australia üá¶üá∫ 
Russia üá∑üá∫ 

I‚Äôd LOVE your insight.  Please contact my assistant Darren.hbs@gmail.com.  

Please RT."
2020-02-24 19:03:43+00:00,RT @newsycombinator: Offshoring roulette: lessons from outsourcing (2016) https://t.co/DLwUT1keMh,muktabh,"Gurgaon, India","cofounder at @ParallelDots, data scientist, entrepreneur. Interested in scientific innovations, computer science, AI, astronomy and green tech.",786,814,55479,False,Offshoring roulette: lessons from outsourcing (2016) https://t.co/DLwUT1keMh
2020-02-24 19:03:49+00:00,"RT @DilliDurAst: ‚ÄúOn Feb. 20, daily coal consumption of six major power plants was 42.5% less than the same period last year, according to‚Ä¶",AritKu,India,"hater of godi media 
ü§≥üé•üìπüìπüé§=pm
‡§´‡§ï‡•á‡§®‡•á ‡§ï‡•Ä SI unit -..‡§™‡§§‡§æ ‡§π‡•à ‡§®‡•ç‡§π‡•Ä ‡§™‡§§‡§æ ‡§π‡•à,‡§ï‡§π‡§æ ‡§™‡§§‡§æ ‡§π‡•à,  ‡§π‡•à ‡§®‡§æ ‡§Æ‡•ã‡§¶‡•Ä ZEE
2k ‡§®‡•ã‡§ü ‡§Æ‡•á ‡§ö‡§ø‡§™ ‡§Æ‡§ø‡§≤‡•Ä!
follow by self üòá",797,1326,92567,False,"‚ÄúOn Feb. 20, daily coal consumption of six major power plants was 42.5% less than the same period last year, according to Japanese bank Nomura, which has been tracking such metrics daily.‚Äù https://t.co/td486Wfyc0"
2020-02-24 19:03:50+00:00,"RT @hvgoenka: Common between Trump and Modi:

1. Both are mass leaders 
2. Both are leaders of world‚Äôs largest democracies
3. Both are righ‚Ä¶",MKBMDH,"Bengaluru, India","Right winger || vegetarian || Graphic designer || Kannadiga ||
DM for debates ‚úå",9,29,1182,False,"Common between Trump and Modi:

1. Both are mass leaders 
2. Both are leaders of world‚Äôs largest democracies
3. Both are right wing
4. Both believe in nationalism
5. Both dominate their respective parties
6. Both use social media to their advantage
7. Both are suspicious of China"
2020-02-24 19:03:58+00:00,"RT @tedlieu: The Dow dropped significantly this morning because of the continuing spread of the coronavirus.

The @realDonaldTrump budget p‚Ä¶",jenfinley22,"Indianapolis, IN","Angry mom trying to make the world better for our children
#DefendOurDemocracy #RemoveTrump #FamiliesBelongTogether #NeverAgain #VoteBlue2020",3761,4760,85886,False,"The Dow dropped significantly this morning because of the continuing spread of the coronavirus.

The @realDonaldTrump budget proposes cuts to the Centers for Disease Control and Prevention. 

Retweet if you think cutting @CDCgov is really dumb.

#MondayMorning Thoughts https://t.co/gvuG6km420"
2020-02-24 19:04:10+00:00,"RT @TimesNow: Report: Wuhan to quarantine cured patients again as several test positive.

https://t.co/9X3M1OjPlQ",SucharitaBhatta,"Guwahati, India","Hindustani passport owner. So, a Hindu by heart & soul.
Retweets are not endorsements.",134,66,5923,False,"Report: Wuhan to quarantine cured patients again as several test positive.

https://t.co/9X3M1OjPlQ"
2020-02-24 19:26:11+00:00,RT @NirjhariSinha: An image from the website 'Windy' is being shared to claim that sulphur dioxide levels in China's Wuhan have increased d‚Ä¶,waliur93,"Varanasi, India","üíûüíûBe Kind ,Loving & Helpful üíûüíû",150,258,21756,False,"An image from the website 'Windy' is being shared to claim that sulphur dioxide levels in China's Wuhan have increased due to mass cremations of coronavirus victims. #AltNewsSciCheck finds the claim untrue. @AltNewsScience | @ArchitMeta 

https://t.co/ANccDd8rN3"
2020-02-24 19:26:17+00:00,"RT @vivekagnihotri: Dear Mr. @narendramodi 

I fully understand how you are facing a nexus of anti-India forces of Pakistan (Islamic Terror‚Ä¶",SinnerIndian,India,"Indian, Netajiyan.
RTs not endorsements.",47,179,14978,False,"Dear Mr. @narendramodi 

I fully understand how you are facing a nexus of anti-India forces of Pakistan (Islamic Terror Funding), China (Red Terror Funding) and #UrbanNaxals (agents of both). 

But like I warned, many times, they plan a bloodbath in 2020. 

Be careful. Be safe."
2020-02-24 19:26:24+00:00,"RT @DepravityArchiv: Now that corona Virus is global and it‚Äôs affecting huwhites, it‚Äôs no longer funny and I have to be sad about the peopl‚Ä¶",BURNINHELLUSA88,"Poo, India","Unapologetic yellow shariaist, Chai Soua Vang acted in self-defense.
Backup: @GOTOHELLUSA88",84,190,1285,False,"Now that corona Virus is global and it‚Äôs affecting huwhites, it‚Äôs no longer funny and I have to be sad about the people joking about Chinese dying getting the disease now.

Fuck you"
2020-02-24 19:26:32+00:00,"@MHKhalid51 @majorgauravarya @ImranKhanPTI @POTUS @realDonaldTrump Visiting country is good ...but with which intension is more imt..
-Making u begger like China?
Or making u feel friends forever
-&amp; making u Fool for another War like America
As world say Pakistan can do anything (loosing self made Madina)for Dollar",Kavita46982401,"Mumbai, India",No Value Mentioned,16,46,87,False,No Value Mentioned
2020-02-24 19:26:37+00:00,RT @rachelpepple: A classically snarky plug for #DigitalMarketing via @TheRegister https://t.co/MJppMxP6sj,netspotin,"Goa, India",Digital Marketing Agency in Goa. #digitalmarketing #socialmediamarketing #goa #SEO,141,75,997,False,A classically snarky plug for #DigitalMarketing via @TheRegister https://t.co/MJppMxP6sj
2020-02-24 19:26:39+00:00,"@FreckledLiberty @BernieSanders You don‚Äôt have CONTROL now, if your kids are in Public School, providing Pre-School is simply a PLOY to get CONTROL of Kids as young as possible, so that the Public Indoctrination Process starts EARLIER. Turn them into LITTLE SOCIALISTS, as young as possible. Learn from CHINA.",BuftonJames,"Indiana, USA","Retired Hotel GM, High School and College Student in the 60s, Vietnam Veteran. I‚Äôm ashamed of what the lefties of MY GENERATION have done to our country.",166,247,2853,False,No Value Mentioned
2020-02-24 19:26:44+00:00,"RT @ianbremmer: Confirmed #coronavirus cases in the US

California: 15
Nebraska: 11
Texas: 3
Illinois: 2
Washington: 1
Arizona: 1
Wisconsin‚Ä¶",RajRockstaar,India,Indian,132,7,28928,False,"Confirmed #coronavirus cases in the US

California: 15
Nebraska: 11
Texas: 3
Illinois: 2
Washington: 1
Arizona: 1
Wisconsin: 1
Massachusetts: 1

(New York Times)"
2020-02-24 19:26:54+00:00,"RT @EmeraldRobinson: Folks, more coronavirus facts:

1) People can have no symptoms for 24 days before getting sick. If true, then all 14 d‚Ä¶",RichWeikart,"Indiana, USA",Current Field Service Engineer and Road Warrior. I served 8 years in the US Navy. https://t.co/gm9QsuRWJ6 Account: https://t.co/2FR5VZJjSi,1380,1787,49731,False,"Folks, more coronavirus facts:

1) People can have no symptoms for 24 days before getting sick. If true, then all 14 day quarantines are inadequate.

2) There's just a few confirmed cases in USA because we're not testing people for it. 

Why? 

The CDC test doesn't work. https://t.co/EoKh8InB4V"
2020-02-24 19:27:08+00:00,Labs in the US Will Start Looking For the New Coronavirus This Week: https://t.co/fIPxqoGxv0 https://t.co/GEmxzDJSJU,dietkundali,"Mumbai, India",Diet kundali is a website where you get ready with your grocery details and you find out what is your future health in Diet Kundali.,835,1636,1025,False,No Value Mentioned
2020-02-24 19:27:38+00:00,"RT @CNN: The deadly outbreak of a novel coronavirus has the world on edge, but it has not yet developed into a pandemic, according to the W‚Ä¶",trilok_pandit,"Patna, India",followed by @JohnCenaüò≥üòç,395,778,34462,False,"The deadly outbreak of a novel coronavirus has the world on edge, but it has not yet developed into a pandemic, according to the World Health Organization. https://t.co/GNNeQc6o58"
2020-02-24 19:27:38+00:00,"RT @NorthmanTrader: We have a 3rd down day in a row and:

""Rate Cuts Now""",Goldjain797,India,Environmentalist | Engineer | Entrepreneur | Energetic | Sensitive | Affectionate | Passionate,25,268,726,False,"We have a 3rd down day in a row and:

""Rate Cuts Now"" https://t.co/Tl0fiDL0xa"
2020-02-24 19:27:46+00:00,"RT @htTweets: ‚ÄòNever lost hope‚Äô: India‚Äôs first coronavirus patient

https://t.co/49RuXZp9Hu https://t.co/ZQ09Q0nDpZ",Rajeev63Rk,India,"Hindu.Compassion for all(T&C apply).Believe in Hindutva.Retweets not necessarily endorsement. Nationalist n serve the Nation.Rightist, rather Right of the Line.",975,2443,169907,False,"‚ÄòNever lost hope‚Äô: India‚Äôs first coronavirus patient

https://t.co/49RuXZp9Hu https://t.co/ZQ09Q0nDpZ"
2020-02-24 19:28:11+00:00,"RT @redditindia: Into that alternative reality, my Father, let my country awake.

https://t.co/E1LtXSq9KP",MutilatedDreams,"Bengaluru/ Agartala, India","#Gooner, #MetalHead, loves #ClassicRock, #Liberal, Takes life as it comes, loves finer things in life, and to sustain it all, works as IT Engineer.",589,2223,10168,False,"Into that alternative reality, my Father, let my country awake.

https://t.co/E1LtXSq9KP"
2020-02-24 19:28:12+00:00,"RT @ianbremmer: The coronavirus that has brought parts of China to a near standstill is affecting other economies as well, as supply chains‚Ä¶",contrainvestor,India üáÆüá≥,"Contrarian-Long Term-Value Investor, Avid reader, Cricket & Travel",87,954,4338,False,"The coronavirus that has brought parts of China to a near standstill is affecting other economies as well, as supply chains are diverted, travel links are cut, and Chinese consumption plummets. #GraphicTruth https://t.co/9MtftJHQMB"
2020-02-24 19:28:17+00:00,"RT @KhaledBeydoun: My next book analyzes Islamophobia as a global phenomenon.  

If YOU are from these countries:

India üáÆüá≥ 
China üá®üá≥ 
Myan‚Ä¶",javedud7,"Mumbai, India",No Value Mentioned,185,316,48340,False,"My next book analyzes Islamophobia as a global phenomenon.  

If YOU are from these countries:

India üáÆüá≥ 
China üá®üá≥ 
Myanmar üá≤üá≤ 
Germany üá©üá™ 
France üá´üá∑ 
Australia üá¶üá∫ 
Russia üá∑üá∫ 

I‚Äôd LOVE your insight.  Please contact my assistant Darren.hbs@gmail.com.  

Please RT."
2020-02-24 19:28:17+00:00,"RT @mattdpearce: The coronavirus story will also become a health-insurance story in America. This guy went to China, caught the flu, came b‚Ä¶",Meenfryyyy,India,F*ck Hindu N*zis üè≥Ô∏è‚Äçüåà,469,1337,12990,False,"The coronavirus story will also become a health-insurance story in America. This guy went to China, caught the flu, came back, did the responsible thing and reported himself for possible coronavirus ‚Äî but tested negative and now might have to pay $1,400+. https://t.co/GdDqyODPVw"
2020-02-24 19:28:18+00:00,RT @ewarren: We need all hands on deck now to fight the spread of coronavirus. While Donald Trump has no plan and proposes dramatic cuts to‚Ä¶,OleanDB,Indiana,Resistance is Not Futile,53,81,13888,False,"We need all hands on deck now to fight the spread of coronavirus. While Donald Trump has no plan and proposes dramatic cuts to the CDC, the World Health Organization, and other global health programs, I proposed a plan nearly a month ago to fight global pandemics. https://t.co/qPtTAlnwXX"
2020-02-24 19:28:22+00:00,"@nilotpal_ch @TheNathEmpire @soumo2014 @TheHitm07855496 @RuPriyadarshini @Valsuwali @SanataniBharat @abishekbagchi @From_Himalaya @DharmikItachi @gupta_skanda @IamSourav_b @7rajashree @GKSBharali @Aban__Ind @PradzWorLd @dr_dsandeep @SilcharSid @Scorsesefangirl @TintinOfBengal @bipbhat @shashangko @SirCaustic_Soda @TheRajarshi @__R_a_j_ @Bauddhika108 @assampolice @bora_dimpy @nbhuyan9 @nilotpal_ch - Bro I have heard getting USA GC is very tough these days with Indian citizenship. I guess there is not point trying using any domicile of South China either coz same is the case w China.
Why don't u get @TheHitm07855496 to help u get B'desh domicile? That wld help.",SecularOxomiya,India,I am a Hindutva Abrahamic always on the quest to find the truth. Trying to understand my point of view would be a futile attempt. RTs are complete endorsement.,7,20,231,False,No Value Mentioned
2020-02-24 19:28:24+00:00,"INDIA IS DOING NOTHING,TO TAKE NECESSARY STEPS AND PRECAUTIONS,TO STOP ANY UNTOWARDS TOWARDS CORONAVIRUS. 
Should stop flights from different countries immediately....
Modi is busy with trump..",Riyazwa92219556,Mumbai (India).,"I believe in Humanity https://t.co/mBIXwgsIBi and respect humans,regardless of religion, caste,work.""Humans are awesome creations of God,& every one has to return some day"".",5,57,66,False,No Value Mentioned
2020-02-24 19:28:24+00:00,RT @spectatorindex: BREAKING: Italy coronavirus death toll rises to seven,pink_lungi,‡¥ï‡µá‡¥∞‡¥≥‡¥Ç . India ,Proud Malayali . Football freak.  Chelsea FC. GKFC. Mogralian.,322,1016,58274,False,BREAKING: Italy coronavirus death toll rises to seven
2020-02-24 19:28:25+00:00,Just like the Coronavirus was not blithely ignored in December and January. https://t.co/CLVn22VAkt,Dhaanu,India,Human. Left handed.,523,473,47165,False,No Value Mentioned
2020-02-24 19:28:29+00:00,RT @XHNews: A nurse in Hebei is departing for Wuhan to aid the #coronavirus fight. Find out what he believes is the best birthday gift. #St‚Ä¶,imbVijay,"Tamil Nadu, India","IT Sector,Long term Investor,Value Investing,
No Recommendation .",43,95,640,False,A nurse in Hebei is departing for Wuhan to aid the #coronavirus fight. Find out what he believes is the best birthday gift. #StayStrongChina https://t.co/K73IKEctbW
2020-02-24 19:28:31+00:00,"RT @redditindia: Into that alternative reality, my Father, let my country awake.

https://t.co/E1LtXSq9KP",PlotBusterr,"Bangalore / Kerala, India",No Value Mentioned,1118,456,24666,False,"Into that alternative reality, my Father, let my country awake.

https://t.co/E1LtXSq9KP"
2020-02-24 19:28:40+00:00,RT @sameerasame: are u threatening us better reveal the actual numbers and try to find a vaccination stop feeling jealous and try to cure u‚Ä¶,KrupalTrivedi,"Mahuva,Gujrat,India","‡§ú‡•ã ‡§ï‡§æ‡§Æ ‡§ï‡§∞‡•á‡§ó‡§æ , ‡§µ‡§π‡•Ä ‡§¶‡•á‡§∂ ‡§™‡§∞ ‡§∞‡§æ‡§ú ‡§ï‡§∞‡•á‡§ó‡§æ‡•§",496,5000,3529,False,are u threatening us better reveal the actual numbers and try to find a vaccination stop feeling jealous and try to cure ur ppl and yes allow the IAF flight we want to evacuate our nationals eve if u dont want the relief aid https://t.co/DqsUa0Of6D
2020-02-24 19:28:45+00:00,RT @spectatorindex: BREAKING: Italy coronavirus death toll rises to seven,KinshukKrNath,"Kolkata, India","Proud Indian üáÆüá≥ Father Of @KKNath26, Husband, Surveyor. Huge Fan For @BCCI, @ICC, @IPL, @Narendramodi, @realdonaldtrump, @FCBarcelona",62,320,12617,False,BREAKING: Italy coronavirus death toll rises to seven
2020-02-24 19:29:02+00:00,RT @spectatorindex: BREAKING: Italy coronavirus death toll rises to seven,KKNath26,"Kolkata, India","Civil Engineer. üèè Cricket & Football ‚öΩ Analysis. Supporter of @narendramodi, @realdonaldtrump, @BCCI, @ICC, @IPL, @BJP4India, @WhiteHouse, @FCBarcelona",1469,152,374430,False,BREAKING: Italy coronavirus death toll rises to seven
2020-02-24 19:29:23+00:00,"RT @CDCDirector: As Rear Adm. Knight told @nytimes, we live in an interconnected world where people &amp; diseases, like #COVID19, can move qui‚Ä¶",Jayaa03,"EU,ME,India,US","|Peds| |Women's health| |Digital Health Expert| |Clinical Innovation| |Policy&Strategy|
My opinions,wild muses,critiques&hopes&poetry here  (c)Jayaa #PoetnLife",473,296,58983,False,"As Rear Adm. Knight told @nytimes, we live in an interconnected world where people &amp; diseases, like #COVID19, can move quickly across borders. Quickly addressing emerging health threats is critical to #GlobalHealthSecurity. @CDCglobal https://t.co/2bSSGm3NWE"
2020-02-24 19:29:27+00:00,"RT @KiranKS: Look how times change.

USA was Pakistan's staunch ally. Now Trump ignored the bankrupt nation.

China was bullying at Doklam.‚Ä¶",SachinAahan,"Meerut, India",on my way..........,53,368,4852,False,"Look how times change.

USA was Pakistan's staunch ally. Now Trump ignored the bankrupt nation.

China was bullying at Doklam. Now mostly shut down due to Corona virus.

Malaysia's PM was speaking ill of India. Today he resigned.

But India's Modi hosting #NamasteTrump in style!"
2020-02-24 19:29:37+00:00,"RT @swissinfo_en: As Italy continues its struggle to contain the coronavirus outbreak, Swiss officials say they are staying vigilant.
https‚Ä¶",chitraSD,Switzerland. India,Media. Mind. Public Health. Music. In my view. @Delhi U @IIMC_India @Stanford,138675,536,43518,True,"As Italy continues its struggle to contain the coronavirus outbreak, Swiss officials say they are staying vigilant.
https://t.co/y8XXzpRkrm"
2020-02-24 19:29:40+00:00,"RT @CholericCleric: History tells us, the countries that came to receive full support of the US, from mid-twentieth century onwards, went o‚Ä¶",bhuvan_luthra,"New Delhi, India",No Value Mentioned,130,1565,35970,False,"History tells us, the countries that came to receive full support of the US, from mid-twentieth century onwards, went on to become the most prosperous ones on the planet. https://t.co/iv00gajtD2"
2020-02-24 19:29:41+00:00,Coronavirus: Inter Milan v Ludogrets in Europa League expected to be behind closed¬†doors https://t.co/vYs3u36SI6 https://t.co/f4bjknJ0b9,NewsEverything_,India,News Everything provides 24/7 coverage of breaking news stories from hundreds of sources across a variety of platforms.,18,11,4111,False,No Value Mentioned
2020-02-24 19:29:46+00:00,RT @spectatorindex: BREAKING: Iranian news agency ILNA reporting that 50 people have died from coronavirus in the city of Qom,farhanknight,India,"Customer Experience, Social Listening - #SML, #FutureOfWork, Social Media, Technology, Bollywood, Politics *Views/RTs are purely personal*",2770,948,52965,False,BREAKING: Iranian news agency ILNA reporting that 50 people have died from coronavirus in the city of Qom
2020-02-24 19:29:49+00:00,"RT @KiranKS: In 2018-19, India US bilateral trade was $87.95 billion, slightly above India China bilateral trade of $87.07 bn. 

During Apr‚Ä¶",BhishamSindhu,"Chandigarh, India",#indicteam,152,142,6574,False,"In 2018-19, India US bilateral trade was $87.95 billion, slightly above India China bilateral trade of $87.07 bn. 

During April to December of 2019, US trade is $68bn, comfortaby higher than China trade of $64.96 bn. Defence deals are big in India US trade with $15 bn in 2019."
2020-02-24 19:29:52+00:00,"RT @CDCDirector: For the most up-to-date travel health notices from @CDCtravel and @CDCgov, visit https://t.co/krHuYWEFPV #COVID19",Jayaa03,"EU,ME,India,US","|Peds| |Women's health| |Digital Health Expert| |Clinical Innovation| |Policy&Strategy|
My opinions,wild muses,critiques&hopes&poetry here  (c)Jayaa #PoetnLife",473,296,58983,False,"For the most up-to-date travel health notices from @CDCtravel and @CDCgov, visit https://t.co/krHuYWEFPV #COVID19"
2020-02-24 19:30:00+00:00,"Three reporters were ordered out of the country last week over what Beijing deemed a racist headline that the journalists were not involved in writing.

#coronavirus

https://t.co/Tfdpz4RWzX",DeccanHerald,India,"Bangalore & Karnataka's leading news daily for over 71 years. Authentic, definitive, and fresh: like your morning filter coffee. Got a story? Tweet or DM us.",46523,705,204647,True,No Value Mentioned
2020-02-24 19:30:21+00:00,"RT @IndoPac_Info: #coronavirus - #Chinese Spyder Woman defies the lockdown

The apartment entrance was blocked, so a woman decided to climb‚Ä¶",transopac,India,Pensive. Eclectic. Foreign Policy & Etymology Enthusiast. I write code for a living.,186,981,26362,False,"#coronavirus - #Chinese Spyder Woman defies the lockdown

The apartment entrance was blocked, so a woman decided to climb down from the 10th floor in order to go out to buy some meat. Unfortunately, she was caught by the neighborhood committee

Risking her life to get some food https://t.co/4jjUKtQkVH"
2020-02-24 19:30:22+00:00,"RT @Timcast: If the coronavirus really does become ""disease x"" threatening to kill 80 million then people are going to be seriously happy T‚Ä¶",Joe_in_Indiana,"NW Indiana & Door County, WI",Proud husband of Sagamore of the Wabash Wife and Father of 40 under 40@Indy Daughter. Picture of Diogenes looking for an Honest Person.,832,1147,153997,False,"If the coronavirus really does become ""disease x"" threatening to kill 80 million then people are going to be seriously happy Trump built the wall and secured our borders"
2020-02-24 19:30:24+00:00,"RT @IngrahamAngle: The Coronavirus shows the value of the U.S. being self-reliant, sovereign, strong on borders and immigration. It is a ma‚Ä¶",lmurray296,"Indiana, USA","Welcome to my 'Free traffic and leads' website.  In introduction, I am a computer technician by trade. Look around the website to get free marketing tools!",88,51,1773,False,"The Coronavirus shows the value of the U.S. being self-reliant, sovereign, strong on borders and immigration. It is a matter of national urgency that we manufacture our own critical drugs, steel, other essential goods."
2020-02-24 19:30:30+00:00,"RT @KiranKS: Look how times change.

USA was Pakistan's staunch ally. Now Trump ignored the bankrupt nation.

China was bullying at Doklam.‚Ä¶",ankitajmani,"New Delhi, India",Software Engineer by profession running a Gifting and Lifestyle products company,977,2105,11012,False,"Look how times change.

USA was Pakistan's staunch ally. Now Trump ignored the bankrupt nation.

China was bullying at Doklam. Now mostly shut down due to Corona virus.

Malaysia's PM was speaking ill of India. Today he resigned.

But India's Modi hosting #NamasteTrump in style!"
2020-02-24 19:30:32+00:00,"RT @ewarren: We can't afford to nickel and dime essential health and aid programs. We need to act‚Äînow. Read my full plan to prevent, contai‚Ä¶",HFPAlways,"Kokomo, Indiana",we do see what is going on here .. we can't be fooled .. Callie is the cat .. my name is Ronda .. Trump is abhorrent .. have a nice day ‚ù§ Resist ü¶ãNo DMs pls,972,1488,63968,False,"We can't afford to nickel and dime essential health and aid programs. We need to act‚Äînow. Read my full plan to prevent, contain, and treat infectious disease outbreaks like coronavirus. https://t.co/3xToPOFn10"
2020-02-24 19:30:41+00:00,RT @ewarren: We need all hands on deck now to fight the spread of coronavirus. While Donald Trump has no plan and proposes dramatic cuts to‚Ä¶,HFPAlways,"Kokomo, Indiana",we do see what is going on here .. we can't be fooled .. Callie is the cat .. my name is Ronda .. Trump is abhorrent .. have a nice day ‚ù§ Resist ü¶ãNo DMs pls,972,1488,63968,False,"We need all hands on deck now to fight the spread of coronavirus. While Donald Trump has no plan and proposes dramatic cuts to the CDC, the World Health Organization, and other global health programs, I proposed a plan nearly a month ago to fight global pandemics. https://t.co/qPtTAlnwXX"
2020-02-24 19:30:48+00:00,"RT @IndoPac_Info: #coronavirus - #Chinese Spyder Woman defies the lockdown

The apartment entrance was blocked, so a woman decided to climb‚Ä¶",visheshtanwar26,"Chandigarh, India",#Interested In #Politics #100PratisatHaryanvi,919,3440,148349,False,"#coronavirus - #Chinese Spyder Woman defies the lockdown

The apartment entrance was blocked, so a woman decided to climb down from the 10th floor in order to go out to buy some meat. Unfortunately, she was caught by the neighborhood committee

Risking her life to get some food https://t.co/4jjUKtQkVH"
2020-02-24 19:30:55+00:00,RT @ParveenKaswan: State-run Xinhua News Agency: ‚Äú‚Ä¶China‚Äôs top legislature adopted a decision on thoroughly banning the illegal trading of‚Ä¶,DevendraUP32,"New Delhi, India","‡§®‡§≠‡§É ‡§∏‡•ç‡§™‡•É‡§∂‡§Ç ‡§¶‡•Ä‡§™‡•ç‡§§‡§Æ‡•ç (Sanskrit) 
Touch the sky with glory",18,441,1438,False,"State-run Xinhua News Agency: ‚Äú‚Ä¶China‚Äôs top legislature adopted a decision on thoroughly banning the illegal trading of wildlife and eliminating the consumption of wild animals to safeguard people's lives and health.‚Äù

Late, but right. Der aae durast aae. @cites"
2020-02-24 19:31:00+00:00,"True love story....
#Ahmedabad #Annaatthe #Bhajanpura  #Chandbagh #CoronavirusOutbreak #China #CAAProtest #Covid_19 #DelhiPolice #DonaldTrump #Delhi #FakeNews #GoodMorning #Huawei #IvankaTrump #IndiaWelcomesTrump #Jafrabad #KatrinaKaif #Maujpur #NamasteyTrump https://t.co/Ajt06aTFKt",sabudead,"Mumbai, India",???,13,0,127,False,No Value Mentioned
2020-02-24 19:31:00+00:00,RT @EndGameWW3: France Confirms 12 Coronavirus Cases and 1 Related Fatality,Aspirant0106,India,Just curious.Retweets=/= Endorsement.,437,4129,81233,False,France Confirms 12 Coronavirus Cases and 1 Related Fatality
2020-02-24 19:31:19+00:00,"RT @Cernovich: How does food get shipped? 

What happens when truck drivers get coronavirus?

Your local grocery story has 36 HOURS of shel‚Ä¶",Joe_in_Indiana,"NW Indiana & Door County, WI",Proud husband of Sagamore of the Wabash Wife and Father of 40 under 40@Indy Daughter. Picture of Diogenes looking for an Honest Person.,832,1147,153997,False,"How does food get shipped? 

What happens when truck drivers get coronavirus?

Your local grocery story has 36 HOURS of shelf supply if everyone goes in at once...."
2020-02-24 19:31:25+00:00,RT @Cold_Peace_: Even the Global Times is like: maybe we need to start taking this India-U.S. thing more seriously.,BhishamSindhu,"Chandigarh, India",#indicteam,152,142,6576,False,Even the Global Times is like: maybe we need to start taking this India-U.S. thing more seriously. https://t.co/UgFjpr5HP8
2020-02-24 19:31:25+00:00,"RT @Timcast: If the coronavirus really does become ""disease x"" threatening to kill 80 million then people are going to be seriously happy T‚Ä¶",drshree1291,India,"Male, Hindu, ClassicLib/ Libertarian,  Against Extremism of both Right And Left,  Anti-SJW, KARMA believer. International Politics. Jai Hind.üôè",314,454,34743,False,"If the coronavirus really does become ""disease x"" threatening to kill 80 million then people are going to be seriously happy Trump built the wall and secured our borders"
2020-02-24 19:31:31+00:00,"RT @PRSundar64: Every two years, there are some problems.
2011 - Greece on the verge of bankruptcy 
2013 - Taper Tantrum 
2015- China curre‚Ä¶",imAbhishekDutt,"Bengaluru, India","DLT, Deep Learning, Microservices, iOS  |  Standard Chartered, IIT Roorkee- 16 |  Instagram @imabhishekdutt   |  https://t.co/SalLdEp1YR",302,272,10266,False,"Every two years, there are some problems.
2011 - Greece on the verge of bankruptcy 
2013 - Taper Tantrum 
2015- China currency devaluation
2016 - Demonetisation, Trump win
2017 - Brexit
2018 - Dow fell 10% in Feb due to inflation
2020 - Corona virus fall today."
2020-02-24 19:31:39+00:00,RT @TheOnion: PETA Quietly Testing ‚ÄòCoronavirus Is A Living Thing‚Äô Ad Spots In Few Small Markets https://t.co/ixxxPcF4iq https://t.co/yLwVt‚Ä¶,d_desiboi,India,"Grandiosely delusional armchair critic w/ a big head.
Procrastinator.
Mosquitoes find me attractive.
RTs ‚â† endorsements",50,433,3361,False,PETA Quietly Testing ‚ÄòCoronavirus Is A Living Thing‚Äô Ad Spots In Few Small Markets https://t.co/ixxxPcF4iq https://t.co/yLwVtuhuWb
2020-02-24 19:31:44+00:00,"RT @DrDenaGrayson: ‚ö†Ô∏èTop virology experts agree that the #CoronavirusOutbreak is now a global #pandemic.

The main goal of containment is n‚Ä¶",abhijeet_k_shah,India,A bit of tech and everything else. RTs are not endorsements,360,746,4276,False,"‚ö†Ô∏èTop virology experts agree that the #CoronavirusOutbreak is now a global #pandemic.

The main goal of containment is not to stop #COVID19 (can‚Äôt be done), but instead, to SLOW it down to buy time to prepare.

@MackayIM @thespybrief #coronavirus
https://t.co/yGsoGezeJH"
2020-02-24 19:31:51+00:00,"RT @KhaledBeydoun: My next book analyzes Islamophobia as a global phenomenon.  

If YOU are from these countries:

India üáÆüá≥ 
China üá®üá≥ 
Myan‚Ä¶",am_parvej,"New Delhi, India",Delhi University Civil Services Aspirants,271,211,567,False,"My next book analyzes Islamophobia as a global phenomenon.  

If YOU are from these countries:

India üáÆüá≥ 
China üá®üá≥ 
Myanmar üá≤üá≤ 
Germany üá©üá™ 
France üá´üá∑ 
Australia üá¶üá∫ 
Russia üá∑üá∫ 

I‚Äôd LOVE your insight.  Please contact my assistant Darren.hbs@gmail.com.  

Please RT."
2020-02-24 19:31:51+00:00,RT @Cold_Peace_: Even the Global Times is like: maybe we need to start taking this India-U.S. thing more seriously.,NirajSi48463635,"Tamil Nadu, India",G8 life,71,1304,23763,False,Even the Global Times is like: maybe we need to start taking this India-U.S. thing more seriously. https://t.co/UgFjpr5HP8
2020-02-24 19:31:54+00:00,"It takes just 1 day of fall for many months &amp; even a full year of returns to be wiped out. #Bears have come out of hibernation. They will be around for many months now!!!
#investing #nifty #SPX 

#Dow plunges 1,000 points, gives up gain for the year - https://t.co/CISuJYftaJ",sachinnachnani,"Mumbai, India","Founder - Blue Sapphire Capital. Equity Fund Manager. 2 consecutive time Zerodha challenge winner. Investor, Trader, Options, Crypto, Books",106,63,1159,False,No Value Mentioned
2020-02-24 19:31:58+00:00,"@Eiggam5955 Maybe if everyone had health care, but as it stands...nah.  So far less than a % of China's 1.5billion have been infected, typical of influenza &amp; this is the 7th CV, they got this. It's the surprise attack by Iran we should be leery of, it's coming! https://t.co/UT3GMqN0ak",floetfre,"Indiana, USA","""But I would not have you to be ignorant, brethren, concerning them which are asleep""",5750,5695,7334,False,No Value Mentioned
2020-02-24 19:32:06+00:00,RT @sachinnachnani: It takes just 1 day of fall for many months &amp; even a full year of returns to be wiped out. #Bears have come out of hibe‚Ä¶,BlueSapphireCap,"Mumbai, India",The art of managing investments. A trading/investment firm for managing money of its founder. Tweets are not recommendations - only to share knowledge.,3,1,365,False,"It takes just 1 day of fall for many months &amp; even a full year of returns to be wiped out. #Bears have come out of hibernation. They will be around for many months now!!!
#investing #nifty #SPX 

#Dow plunges 1,000 points, gives up gain for the year - https://t.co/CISuJYftaJ"
2020-02-24 19:32:11+00:00,""" #Coronavirus would take down the Chinese Communist Party... Mark my words."", said Steve Bannon.",mayankjain100,"New Delhi, India","WHOLE FOODS PLANT BASED, NO OIL  ACTIVIST 
Prod-Dir of https://t.co/blPXnfjeDz, Bangla Crescent, Guj Miracle, Guj Fast Track, Death War.
Joseph McCarthy is my Hero.",15434,6510,74058,False,No Value Mentioned
2020-02-24 19:32:13+00:00,RT @FxProGlobal: The mood in world markets is close to panic after the weekend reports about the spread of coronavirus far beyond China. S&amp;‚Ä¶,Majjubizman,"Gurgaon, India",Here to spread positivity. Love charts and programming.,109,1247,4984,False,"The mood in world markets is close to panic after the weekend reports about the spread of coronavirus far beyond China. S&amp;P500 loses 3.5%

https://t.co/Bz6SigHLbO https://t.co/RoRgUGbrkb"
2020-02-24 19:32:27+00:00,"RT @DrDenaGrayson: How can YOU prepare, in addition to frequent hand-washing?

‚ñ∂Ô∏èPractice NOT touching your face
‚ñ∂Ô∏èDON‚ÄôT use your fingertip‚Ä¶",abhijeet_k_shah,India,A bit of tech and everything else. RTs are not endorsements,360,746,4276,False,"How can YOU prepare, in addition to frequent hand-washing?

‚ñ∂Ô∏èPractice NOT touching your face
‚ñ∂Ô∏èDON‚ÄôT use your fingertip to touch public objects (use an elbow to open doors or to press elevator buttons)
‚ñ∂Ô∏èSTOP shaking hands
‚ñ∂Ô∏èSTOCK UP on prescriptions meds

#coronavirus #COVID19 https://t.co/eq5wLZutju"
2020-02-24 19:32:29+00:00,"RT @KhaledBeydoun: My next book analyzes Islamophobia as a global phenomenon.  

If YOU are from these countries:

India üáÆüá≥ 
China üá®üá≥ 
Myan‚Ä¶",tariquemh,"Maharashtra, India",Trying to be good human! For Secular and proud India. RTs are not endorsements! Proud to be blocked by sususwamy and brinjal.,97,696,11529,False,"My next book analyzes Islamophobia as a global phenomenon.  

If YOU are from these countries:

India üáÆüá≥ 
China üá®üá≥ 
Myanmar üá≤üá≤ 
Germany üá©üá™ 
France üá´üá∑ 
Australia üá¶üá∫ 
Russia üá∑üá∫ 

I‚Äôd LOVE your insight.  Please contact my assistant Darren.hbs@gmail.com.  

Please RT."
2020-02-24 19:32:36+00:00,"RT @RBReich: Coronavirus isn't the only thing to blame for today's 1000 point Dow drop.

It was only a matter of time before Trump's econom‚Ä¶",RoyWilliams15,"Bengaluru South, India",No Value Mentioned,626,518,21071,False,"Coronavirus isn't the only thing to blame for today's 1000 point Dow drop.

It was only a matter of time before Trump's economic illiteracy and pointless trade wars pushed our economy over the edge."
2020-02-24 19:32:40+00:00,"RT @hvgoenka: Common between Trump and Modi:

1. Both are mass leaders 
2. Both are leaders of world‚Äôs largest democracies
3. Both are righ‚Ä¶",GreatcountryIN,India,"mega family any day, 4 top hero's out of 7, that's enough to say who are tollywood rulers",292,34,13323,False,"Common between Trump and Modi:

1. Both are mass leaders 
2. Both are leaders of world‚Äôs largest democracies
3. Both are right wing
4. Both believe in nationalism
5. Both dominate their respective parties
6. Both use social media to their advantage
7. Both are suspicious of China"
2020-02-24 19:32:54+00:00,@WSJ I find it hard to believe it got that bad in Wuhan but the rest of China is doing just fine and new cases are dropping.,WhatsItMatter8,Indiana,Parler @GershwinsRhapsody,830,1949,26989,False,No Value Mentioned
2020-02-24 19:33:05+00:00,RT @nbcbayarea: #WATCH LIVE: House Speaker Nancy Pelosi visits San Francisco's Chinatown to see how businesses in the area are impacted by‚Ä¶,ShanMirza5,Durban S Africa (Via Indiana),"Pragmatic-Direct. Naturist #MAGA #MEGA
#SethRich
Animal üòç
üïâ‚ú°‚úù‚ò™üïé OMNISMüôè
‚≠êUnite USA=DNC OUT
NOT a BOT
 RT‚â†Endorsemt
#FreeAssange
#MIGA = MENA Peace",13280,14377,167377,False,#WATCH LIVE: House Speaker Nancy Pelosi visits San Francisco's Chinatown to see how businesses in the area are impacted by coronavirus concerns. https://t.co/gjhHtOcQc7
2020-02-24 19:33:18+00:00,Dumb and dumber https://t.co/LWHOcDHm0R,OleanDB,Indiana,Resistance is Not Futile,53,81,13888,False,No Value Mentioned
2020-02-24 19:33:22+00:00,"RT @France24_en: ‚ñ∂Ô∏è As coronavirus spreads, WHO urges world to ‚Äòprepare for potential pandemic‚Äô https://t.co/KIt9qDziBQ https://t.co/daCDMZ‚Ä¶",RoyWilliams15,"Bengaluru South, India",No Value Mentioned,626,518,21071,False,"‚ñ∂Ô∏è As coronavirus spreads, WHO urges world to ‚Äòprepare for potential pandemic‚Äô https://t.co/KIt9qDziBQ https://t.co/daCDMZGa2S"
2020-02-24 19:33:29+00:00,"RT @AFP: The lockdown of Guo Jing's neighbourhood in Wuhan ‚Äì- the city at the heart of the coronavirus epidemic ‚Äì- came without warning.

T‚Ä¶",Desi_lanthadhis,"India, UP","Anything is possible I don‚Äôt think limitsüáÆüá≥ views are personal, RT=‡§∏‡§π‡§Æ‡§§‡§ø/‡§Ö‡§∏‡§π‡§Æ‡§§‡§ø !üëäüëä",1687,1894,42006,False,"The lockdown of Guo Jing's neighbourhood in Wuhan ‚Äì- the city at the heart of the coronavirus epidemic ‚Äì- came without warning.

The 29-year-old is now sealed inside her compound where she has to depend on online group-buying services to get food https://t.co/BzgCHFRhpn"
2020-02-24 19:33:40+00:00,"RT @slovborg: The two statements don't even contradict each other... China might as well see an orderly collapse, while America sees utter‚Ä¶",ArmchairPseph,India,‡§Ü‡§∞‡•ç‡§Ø‡§æ‡§µ‡§∞‡•ç‡§§‡§®‡•ç‡§§‡•á‡§§‡§§‡•ç‡§∞ ‡§™‡•Å‡§® ‡§™‡•Å‡§®‡§∞‡•Å‡§¶‡•ç‡§≠‡§µ‡§®‡•ç‡§§‡•ç‡§Ø‡§æ‡§ï‡•ç‡§∞‡§Æ‡•ç‡§Ø‡§æ‡§ï‡•ç‡§∞‡§Æ‡•ç‡§Ø‡§æ‡§™‡§ø ‡§® ‡§ö‡§ø‡§∞ ‡§§‡§§‡•ç‡§∞ ‡§Æ‡•ç‡§≤‡•á‡§ö‡•ç‡§õ‡§æ‡§É ‡§∏‡•ç‡§•‡§æ‡§§‡§æ‡§∞‡•ã‡§≠‡§µ‡§®‡•ç‡§§‡§ø ||,7686,577,68748,False,"The two statements don't even contradict each other... China might as well see an orderly collapse, while America sees utter chaos but many of its cells weathering this with relative ease. https://t.co/ULQCOIs11u"
2020-02-24 19:33:47+00:00,"RT @NaveedAJamali: Those of you attacking the CIA, consider this: right now the Agency is spying on China and collecting intelligence that‚Ä¶",OleanDB,Indiana,Resistance is Not Futile,53,81,13888,False,"Those of you attacking the CIA, consider this: right now the Agency is spying on China and collecting intelligence that paints an accurate picture of the spread of the #coronavirus. It is intelligence key to the safety of you and your family."
2020-02-24 19:34:16+00:00,RT @Forbes: Here‚Äôs what Warren Buffett says about the coronavirus and his outlook on stocks https://t.co/4oZwl4ilMQ by @skleb1234 https://t‚Ä¶,harishivgupta,India,"An Engineer. Entrepreneur 20. Web & Android Developer, Reseaecher- Artificial intelligence & Cloud computing, MS in US aspirant fall/spring 22",340,2787,10215,False,Here‚Äôs what Warren Buffett says about the coronavirus and his outlook on stocks https://t.co/4oZwl4ilMQ by @skleb1234 https://t.co/n9ZZthqnEk
2020-02-24 19:34:24+00:00,RT @TheOnion: PETA Quietly Testing ‚ÄòCoronavirus Is A Living Thing‚Äô Ad Spots In Few Small Markets https://t.co/ixxxPcF4iq https://t.co/yLwVt‚Ä¶,thsteele,"Pawnee, Indiana","Weirdest zombie apocalypse ever.

Tales of a degenerate gambler and other bedtime stories.",986,858,39343,False,PETA Quietly Testing ‚ÄòCoronavirus Is A Living Thing‚Äô Ad Spots In Few Small Markets https://t.co/ixxxPcF4iq https://t.co/yLwVtuhuWb
2020-02-24 19:34:28+00:00,"@MagicalThakur @imvardhan_hc @MihirkJha @BJP4India I am not sure what is your understanding of international diplomacy but we are fighting at three fronts, China, Pakistan Congress. Congress supported Labor in UK Elections. I can't explain everything here but any use of Force by police would have resulted in media attacks",VedasMohan,"Gorakhpur, India","Classical Liberal, I am only Hindu if you are a Muslim or Xtian otherwise I have no religion.",1147,329,8051,False,No Value Mentioned
2020-02-24 19:34:47+00:00,"RT @BarristersHorse: Translated from an Italian tweet:

'The Prime Minister of Slovakia has admitted to having high fever and respiratory c‚Ä¶",MarkRothrock,Indiana,Retired engineer. Classic car enthusiast.,156,156,6446,False,"Translated from an Italian tweet:

'The Prime Minister of Slovakia has admitted to having high fever and respiratory conditions. He is feared to be positive for coronavirus (He was at the European summit with EU leaders)"" some political renewal is needed'"
2020-02-24 19:34:52+00:00,RT @aChildOf2Worlds: PETA moving like hoteps,abscisicacid,indiana,LAME-O / purdue '20 / botany student,373,940,22187,False,PETA moving like hoteps https://t.co/wM5xHlsIAa
2020-02-24 19:34:53+00:00,RT @Cold_Peace_: Even the Global Times is like: maybe we need to start taking this India-U.S. thing more seriously.,Rebelratish,India,Common Man,272,983,3839,False,Even the Global Times is like: maybe we need to start taking this India-U.S. thing more seriously. https://t.co/UgFjpr5HP8
2020-02-24 19:34:53+00:00,"RT @hvgoenka: Common between Trump and Modi:

1. Both are mass leaders 
2. Both are leaders of world‚Äôs largest democracies
3. Both are righ‚Ä¶",RikyRitesh,India,I'll follow you back 100%,61,1597,2506,False,"Common between Trump and Modi:

1. Both are mass leaders 
2. Both are leaders of world‚Äôs largest democracies
3. Both are right wing
4. Both believe in nationalism
5. Both dominate their respective parties
6. Both use social media to their advantage
7. Both are suspicious of China"
2020-02-24 19:34:56+00:00,"RT @Gormogons: GP Um, guys? I don't think China's happy with us pointing out they've pretty much contaminated the world and lied about it.",luckywinner10,"Indiana, USA",Sports! TV! Music! Multiple Twitch families! I RT a lot!  1‚ù§Ô∏è#WeAreThe5thLine,360,390,82386,False,"GP Um, guys? I don't think China's happy with us pointing out they've pretty much contaminated the world and lied about it. https://t.co/dqEtyKAOLr"
2020-02-24 19:34:57+00:00,RT @globaltimesnews: Are #Indians resistant to the virus or is the Indian curry antiviral?  As East Asia and the Middle East are in the haz‚Ä¶,MadhuriBorse1,"Maharashtra, India",HINDU #INDIAN,2772,318,32388,False,"Are #Indians resistant to the virus or is the Indian curry antiviral?  As East Asia and the Middle East are in the haze of the novel #coronavirus epidemic, #India, China‚Äôs neighbor, declares itself infection free. #COVID19 https://t.co/f6iR5CQQJE https://t.co/EopR2JiX4w"
2020-02-24 19:34:59+00:00,"RT @OpIndia_com: As Donald Trump praises Modi and slams Pakistan and China, Communists, Congress leaders and Islamists trend #GoBackTrump‚Ä¶",Keshavamrao,"Mangaluru, Bengaluru, India","My Nation, My love  

Believes in Truth Always Triumphs 

 ‚è∏Ô∏èBharatiya ‚è∏Ô∏è",718,3107,72053,False,"As Donald Trump praises Modi and slams Pakistan and China, Communists, Congress leaders and Islamists trend #GoBackTrump

https://t.co/cGjzHzM7K0"
2020-02-24 19:35:05+00:00,"I'm a big Trump supporter, but right now is not the time to be reducing funding for the CDC. https://t.co/sZdgk4KY8h",AsaThomas15,Indiana,God. Basketball. Trump. Indycar.,306,1082,265,False,No Value Mentioned
2020-02-24 19:35:07+00:00,"RT @CaliTrumpLady: They say it was a ""big operational mistake"" that the president wasn't told. I call BS!! They flew passengers that tested‚Ä¶",StcyrAnnie,"Indiana, USA",Nosy me....Right leaning woman in search of truth. #BackTheBlue #Christian #deplorable #MAGA #DespicableMe,3325,4031,47048,False,"They say it was a ""big operational mistake"" that the president wasn't told. I call BS!! They flew passengers that tested positive with healthy passengers! Who does that???!!! ü§¶üèº‚Äç‚ôÄÔ∏è Especially knowing how this spreads. Something is fishy here. 

https://t.co/MOEG3QP2dQ"
2020-02-24 19:35:09+00:00,"Is the coronavirus a pandemic? 'Not yet,' says WHO - CNET https://t.co/ndqAXX6Xod #technical #SankalpIT",SankalpITteam,"Mohali, India","Expertise in working with the MSPs to set up their #LabTech, #ScreenConnect and #ConnectWise Manage tools. SankalpIT is serving the #MSPs since 2013.",2035,2,19123,False,No Value Mentioned
2020-02-24 19:35:15+00:00,"RT @majorgauravarya: ""To be Pakistani in the age of ‚Å¶@ImranKhanPTI‚Å© means to suffer in silence at the back of the line‚Äù says Michael Rubin.‚Ä¶",LeoBanarasi,"Bengaluru, India","Er. Krishna Kumar Singh

PCA, UCC, NPR, NRC.

Retweet is just a Retweet... Upto you how to handle it. 

‡§è‡§ï ‡§ú‡§æ‡§ó‡§æ ‡§π‡•Å‡§Ü ‡§π‡§ø‡§Ç‡§¶ ‡§µ‡§æ‡§∏‡•Ä‡•§
‡§ú‡§Ø ‡§∏‡§ø‡§Ø‡§æ-‡§∞‡§æ‡§Æ üôè",560,838,11519,False,"""To be Pakistani in the age of ‚Å¶@ImranKhanPTI‚Å© means to suffer in silence at the back of the line‚Äù says Michael Rubin. 

Khan has taken a parachute and jumped out of a burning plane, leaving passengers to their fate.  https://t.co/SNBNeyCcrh"
2020-02-24 19:35:20+00:00,RT @DepravityArchiv: When you shill against your wife‚Äôs race and call whoever calls out your (((MSM))) sources a ‚ÄúChina Shill‚Äù. https://t.c‚Ä¶,BURNINHELLUSA88,"Poo, India","Unapologetic yellow shariaist, Chai Soua Vang acted in self-defense.
Backup: @GOTOHELLUSA88",84,190,1285,False,When you shill against your wife‚Äôs race and call whoever calls out your (((MSM))) sources a ‚ÄúChina Shill‚Äù. https://t.co/rwYFjvnBy0
2020-02-24 19:35:22+00:00,"RT @Cernovich: If coronavirus hits, you‚Äôre going to start thinking a lot more about truck drivers.",Joe_in_Indiana,"NW Indiana & Door County, WI",Proud husband of Sagamore of the Wabash Wife and Father of 40 under 40@Indy Daughter. Picture of Diogenes looking for an Honest Person.,832,1147,153997,False,"If coronavirus hits, you‚Äôre going to start thinking a lot more about truck drivers."
2020-02-24 19:35:27+00:00,Air Conditioners prices increases: Coronavirus threat https://t.co/94CQOMUuLU,LiveBits_Tech,India,No Value Mentioned,4,82,21,False,No Value Mentioned
2020-02-24 19:35:33+00:00,"RT @ianbremmer: The coronavirus that has brought parts of China to a near standstill is affecting other economies as well, as supply chains‚Ä¶",ByMallikarjuna,New Delhi India,"Ph.D candidate at  Chinese Studies @JNU, China Watcher..Retweets are not endorsements.:p",667,2072,54917,False,"The coronavirus that has brought parts of China to a near standstill is affecting other economies as well, as supply chains are diverted, travel links are cut, and Chinese consumption plummets. #GraphicTruth https://t.co/9MtftJHQMB"
2020-02-24 19:35:36+00:00,It breaks my heart to see children suffer like this https://t.co/CAiAI8EibF,Peacef_Warrior,India,"Tweets about Indian Defence forces-(IA,IN,IAF),Foreign,Economic and Strategic Policies #UttishthaBharat . Jai Hind..Jai Hind ki Sena",11399,914,94380,False,No Value Mentioned
2020-02-24 19:35:42+00:00,"RT @JohnVaillant: If enforced, this will change the fate of wildlife around the globe: https://t.co/H9x6rIIZVM",Aspirant0106,India,Just curious.Retweets=/= Endorsement.,437,4129,81233,False,"If enforced, this will change the fate of wildlife around the globe: https://t.co/H9x6rIIZVM"
2020-02-24 19:35:43+00:00,RT @jimsciutto: The DNI was created specifically to take politics out of intelligence &amp; so prevent not only another 9/11 but the cherry-pic‚Ä¶,oftheDales,"London, England/Indiana, USA",No Value Mentioned,1136,1518,49614,False,The DNI was created specifically to take politics out of intelligence &amp; so prevent not only another 9/11 but the cherry-picking of intel pre-Iraq. A loyalty purge should raise this question for Americans: who‚Äôs now prioritizing counter-terror? Russia &amp; China? Election security?
2020-02-24 19:35:45+00:00,"RT @OpIndia_com: Islamic terrorism, Defence Deal, Pakistan, China: 6 key takeaways from US President Donald Trump speech during India visit‚Ä¶",Keshavamrao,"Mangaluru, Bengaluru, India","My Nation, My love  

Believes in Truth Always Triumphs 

 ‚è∏Ô∏èBharatiya ‚è∏Ô∏è",718,3107,72053,False,"Islamic terrorism, Defence Deal, Pakistan, China: 6 key takeaways from US President Donald Trump speech during India visit

https://t.co/JBCE2GwMge"
2020-02-24 19:35:53+00:00,"RT @FundamentalGems: IOL CHEMICALS 

It was our long term pick, which we picked around levels of 60 but last year after Q3FY19 results near‚Ä¶",s00444512,"Gangarampur, India",investor & news hunter,77,522,10896,False,"IOL CHEMICALS 

It was our long term pick, which we picked around levels of 60 but last year after Q3FY19 results near levels of 220 we told to book out

From last one year it was consolidating from 160 to 200 even after posting good results

Now it is zooming due to Coronavirus https://t.co/bqhxLrTNBp"
2020-02-24 19:36:04+00:00,RT @spectatorindex: BREAKING: Iranian news agency ILNA reporting that 50 people have died from coronavirus in the city of Qom,Anirudh_smiling,india,janta sab janti h!!!!,39,282,1280,False,BREAKING: Iranian news agency ILNA reporting that 50 people have died from coronavirus in the city of Qom
2020-02-24 19:36:10+00:00,RT @Cold_Peace_: Even the Global Times is like: maybe we need to start taking this India-U.S. thing more seriously.,prasanna4swaraj,"Chennai, India",Software developer by profession. Swayamsevak. A proud Hindu. Hindu Nationalist.,292,202,92023,False,Even the Global Times is like: maybe we need to start taking this India-U.S. thing more seriously. https://t.co/UgFjpr5HP8
2020-02-24 19:36:14+00:00,RT @willtbh: That door is LOCKED.,AnitaOT7,"‡§Æ‡•Å‡§Ç‡§¨‡§à, ‡§≠‡§æ‡§∞‡§§ India (Mumbai)",Ready to walk on this path filled with thorns just you reach you my love ‚ô•Ô∏è,2653,2590,133223,False,That door is LOCKED. https://t.co/8kAoaDuB7K
2020-02-24 19:36:19+00:00,"RT @lonlyxing: [trans] 200224 One of the winners of @lay_studio‚Äôs exclusive event for Wuhan xingmis, shares about her phone call with yixin‚Ä¶",matHEMAtics_13,India,"üáÆüá≥
exo-l",72,92,6283,False,"[trans] 200224 One of the winners of @lay_studio‚Äôs exclusive event for Wuhan xingmis, shares about her phone call with yixing ‚ú®üíú

yixing really dotes on us too much... he told her to hang up first &amp; as she couldn‚Äôt bear to hang up, he ran downstairs to play the piano for her üò≠ https://t.co/nNG5ljEZkt"
2020-02-24 19:36:28+00:00,"RT @Cernovich: If coronavirus hits, you‚Äôre going to start thinking a lot more about truck drivers.",ShanMirza5,Durban S Africa (Via Indiana),"Pragmatic-Direct. Naturist #MAGA #MEGA
#SethRich
Animal üòç
üïâ‚ú°‚úù‚ò™üïé OMNISMüôè
‚≠êUnite USA=DNC OUT
NOT a BOT
 RT‚â†Endorsemt
#FreeAssange
#MIGA = MENA Peace",13280,14377,167377,False,"If coronavirus hits, you‚Äôre going to start thinking a lot more about truck drivers."
2020-02-24 19:58:49+00:00,"RT @RealJamesWoods: Imagine, if you will, an America with its own manufacturing capabilities, tens of millions of jobs, and independence fr‚Ä¶",marilyn_moore47,"Indiana, USA",Just want everyone to be Happy and succeed in life we only have one to live.,166,395,12984,False,"Imagine, if you will, an America with its own manufacturing capabilities, tens of millions of jobs, and independence from Middle East oil imports. That is the America of ‚Å¶@realDonaldTrump‚Å©. The Democrat ‚Äùglobalist‚Äù nightmare is dying before our eyes. https://t.co/VQfjaNOpSr"
2020-02-24 19:58:54+00:00,"RT @KiranKS: Look how times change.

USA was Pakistan's staunch ally. Now Trump ignored the bankrupt nation.

China was bullying at Doklam.‚Ä¶",Keshavamrao,"Mangaluru, Bengaluru, India","My Nation, My love  

Believes in Truth Always Triumphs 

 ‚è∏Ô∏èBharatiya ‚è∏Ô∏è",718,3107,72053,False,"Look how times change.

USA was Pakistan's staunch ally. Now Trump ignored the bankrupt nation.

China was bullying at Doklam. Now mostly shut down due to Corona virus.

Malaysia's PM was speaking ill of India. Today he resigned.

But India's Modi hosting #NamasteTrump in style!"
2020-02-24 19:59:02+00:00,RT @RealJamesWoods: The fact that America is on a separate continent has protected it from military invasion and disease pandemics. A notab‚Ä¶,marilyn_moore47,"Indiana, USA",Just want everyone to be Happy and succeed in life we only have one to live.,166,395,12984,False,"The fact that America is on a separate continent has protected it from military invasion and disease pandemics. A notable exception was from young men returning from European war (Spanish flu). If we don‚Äôt secure our borders, starting NOW, we are insane.  https://t.co/VQfjaNOpSr"
2020-02-24 19:59:22+00:00,"China Postpones Annual Parliament As Coronavirus Spreads in Beijing  
https://t.co/1qgHZRW1RP",Uditgupta_ug,"Jaora, India",https://t.co/ZJBw54W97D,26,18,22520,False,No Value Mentioned
2020-02-24 19:59:28+00:00,"RT @hvgoenka: Common between Trump and Modi:

1. Both are mass leaders 
2. Both are leaders of world‚Äôs largest democracies
3. Both are righ‚Ä¶",Chokidaarprathu,"Mumbai, India",Screenwriter. Love Realistic stories. Proud to be followed by Office of Piyush Goyal Ji,96,381,15669,False,"Common between Trump and Modi:

1. Both are mass leaders 
2. Both are leaders of world‚Äôs largest democracies
3. Both are right wing
4. Both believe in nationalism
5. Both dominate their respective parties
6. Both use social media to their advantage
7. Both are suspicious of China"
2020-02-24 19:59:45+00:00,"RT @wangjinbeom: Ahgases amid covid-19 crisis, economy growth crisis, Div2 working crisis, etc, while waiting for @GOT7Official coming back‚Ä¶",ManishaGogoi24,India,"overprotective of GOT7

don't mess with GOT7

haters don't come near usüòà",166,425,10014,False,"Ahgases amid covid-19 crisis, economy growth crisis, Div2 working crisis, etc, while waiting for @GOT7Official coming back https://t.co/97lBY5sJVe"
2020-02-24 19:59:48+00:00,Dr. Harsh Vardhan reviews actions taken and further preparedness on Novel Coronavirus (COVID¬†19) https://t.co/VtdyThFPLM,thessbprep,"Delhi, India",Online SSB coaching,89,34,10124,False,No Value Mentioned
2020-02-24 19:59:56+00:00,"RT @SquawkCNBC: Futures plummet 800+ points on #coronavirus fears
Here's what Warren Buffett has to say about the sell-off:

#AskWarren htt‚Ä¶",Macky_OO7,India,No Value Mentioned,33,1894,592,False,"Futures plummet 800+ points on #coronavirus fears
Here's what Warren Buffett has to say about the sell-off:

#AskWarren https://t.co/esUFXX5FBv"
2020-02-24 19:59:56+00:00,"RT @RBReich: Coronavirus isn't the only thing to blame for today's 1000 point Dow drop.

It was only a matter of time before Trump's econom‚Ä¶",dahlingitsme,Indiana,"Librarians will someday control the universe, so you will want me on your side.",1134,1858,132949,False,"Coronavirus isn't the only thing to blame for today's 1000 point Dow drop.

It was only a matter of time before Trump's economic illiteracy and pointless trade wars pushed our economy over the edge."
2020-02-24 19:59:58+00:00,"@AHayeeMirbahr @cjwerleman @AnsarAAbbasi @jamiamillia_ @UN @CNN @BBCWorld @trtworld @nytimesworld @WSJ @MailOnline What do you know about Kashmir ??
You don't have enough to eat and preaching about Kashmir üòÇüòÇüòÇ
Go and ask your nalla PM to beg from China or from any other middle East country...",panditforever,"New Delhi, India","@Saurabh ,Adventurous, Teacher-cum-Mentor
Proud Hindu ,Nationalist,
Supports - CAA-NRC & NPR
üáÆüá≥üáÆüá≥üáÆüá≥üáÆüá≥
EX- SECULAR

üôèüèºüôèüèºüôèüèºJai Shri Ramüôèüèºüôèüèºüôèüèº",40,263,1136,False,No Value Mentioned
